text,labels
chocolate syrup and hot chocolate,Beverages
cocoa,Beverages
cocoa & drink mixes,Beverages
"cocoa, milk mixers & syrups",Beverages
cocktail mixers,Beverages
drink mixes,Beverages
powdered drink mixes,Beverages
bulk tea & coffee,Beverages
coffee,Beverages
"coffee, tea & cocoa",Beverages
get back to routine,Beverages
iced tea,Beverages
"iced tea, hot tea & tea beverages",Beverages
juice and drinks,Beverages
k-cups,Beverages
tea,Beverages
energy & sports drinks,Beverages
energy drinks,Beverages
lifestyle & sports nutrition beverages,Beverages
sports & nutritional,Beverages
sports and energy drinks,Beverages
beverages,Beverages
refrigerated,Beverages
refrigerated beverages,Beverages
single serve bottled drinks,Beverages
cider & juice,Beverages
fruit juices & lemonade,Beverages
juice,Beverages
juice - non refrigerated,Beverages
juice - refrigerated,Beverages
juice & fruit drinks,Beverages
juice & nectars,Beverages
kombucha,Beverages
non-refrigerated plant-based beverage,Beverages
orange juice,Beverages
other juice varieties,Beverages
soda,Beverages
soda & soft drinks,Beverages
soda pop,Beverages
soft drinks,Beverages
sparkling water & seltzer,Beverages
water,Beverages
water & seltzer,Beverages
"water, seltzer & sparkling water",Beverages
fresh juice & chilled beverage,Beverages
fresh juice & juice blends,Beverages
bagels,Bread and Bakery
bagels bialys & knish,Bread and Bakery
baguettes,Bread and Bakery
biscuits & dough,Bread and Bakery
biscuits and rolls,Bread and Bakery
boules & b tards,Bread and Bakery
bread,Bread and Bakery
"bread, fresh baked",Bread and Bakery
"bread, packaged",Bread and Bakery
buns & rolls,Bread and Bakery
english muffins,Bread and Bakery
fresh baked bread,Bread and Bakery
fresh bakery bread,Bread and Bakery
hamburger & hot dog buns,Bread and Bakery
miscellaneous,Bread and Bakery
packaged bread,Bread and Bakery
PIZZA CRUSTS,Bread and Bakery
rolls,Bread and Bakery
rolls & buns,Bread and Bakery
stuffing,Bread and Bakery
breakfast bakery,Bread and Bakery
bakery desserts,Bread and Bakery
breakfast pastries,Bread and Bakery
cakes,Bread and Bakery
celebration cakes,Bread and Bakery
cheesecakes,Bread and Bakery
croissants & danish,Bread and Bakery
cupcakes,Bread and Bakery
desserts,Bread and Bakery
desserts & pastries,Bread and Bakery
donuts,Bread and Bakery
muffins,Bread and Bakery
muffins & pastries,Bread and Bakery
other dessert,Bread and Bakery
pies,Bread and Bakery
pies & cakes,Bread and Bakery
pies & tarts,Bread and Bakery
"pound cakes, muffins & scones",Bread and Bakery
snack cakes & pastries,Bread and Bakery
special diet,Miscellaneous
fresh pizza crusts,Bread and Bakery
"pitas, flatbread & wraps",Bread and Bakery
"pitas, tortillas, taco shells & wraps",Bread and Bakery
TORTILLAS PITAS & WRAPS,Bread and Bakery
TORTILLAS & FLATBREADS,Bread and Bakery
tortillas,Bread and Bakery
refrigerated plant-based beverage,Dairy and Eggs
butter,Dairy and Eggs
butter & margarine,Dairy and Eggs
"Butter, Margarine & Spreads",Dairy and Eggs
cream cheese,Dairy and Eggs
sour cream,Dairy and Eggs
block,Dairy and Eggs
blue cheese,Dairy and Eggs
cave-ripened cheese,Dairy and Eggs
cheddar cheese,Dairy and Eggs
cheese,Dairy and Eggs
cottage and ricotta cheese,Dairy and Eggs
cottage cheese,Dairy and Eggs
entertaining,Dairy and Eggs
feta cheese,Dairy and Eggs
fresh cheese & butters,Dairy and Eggs
fresh cheeses and butters,Dairy and Eggs
goat milk cheese,Dairy and Eggs
"gouda, jack & havarti cheese",Dairy and Eggs
italian cheese,Dairy and Eggs
italian cheeses,Dairy and Eggs
other creams & cheeses,Dairy and Eggs
packaged cheese,Dairy and Eggs
sheep milk chesse,Dairy and Eggs
shredded & grated,Dairy and Eggs
sliced,Dairy and Eggs
snacking,Dairy and Eggs
specialty cheeses,Dairy and Eggs
string & snack,Dairy and Eggs
swiss cheese,Dairy and Eggs
coffee creamer and cream,Dairy and Eggs
cream,Dairy and Eggs
cream & creamers,Dairy and Eggs
milk - other,Dairy and Eggs
pudding & gelatin,Dairy and Eggs
refrigerated pudding & desserts,Dairy and Eggs
whipped cream,Dairy and Eggs
whipped toppings,Dairy and Eggs
eggs,Dairy and Eggs
eggs & egg substitutes,Dairy and Eggs
eggs and egg substitutes,Dairy and Eggs
dairy milk,Dairy and Eggs
eggnog,Dairy and Eggs
half & half,Dairy and Eggs
heavy light & whipping cream,Dairy and Eggs
milk,Dairy and Eggs
single serve dairy,Dairy and Eggs
"milk, plant-based",Dairy and Eggs
non dairy creamers,Dairy and Eggs
nut,Dairy and Eggs
plant-based & vegetarian,Dairy and Eggs
plant-based milk,Dairy and Eggs
soy & lactose-free,Dairy and Eggs
soy & milk alternatives,Dairy and Eggs
soy milk & milk substitutes,Dairy and Eggs
australian style yogurt,Dairy and Eggs
greek style yogurt,Dairy and Eggs
icelandic style yogurt,Dairy and Eggs
kids yogurt,Dairy and Eggs
soy & non dairy yogurt,Dairy and Eggs
traditional yogurt,Dairy and Eggs
yogurt,Dairy and Eggs
yogurt drinks,Dairy and Eggs
yogurt parfait,Dairy and Eggs
Sliced Cheese,Dairy and Eggs
Tofu & Meat Alternatives,Dairy and Eggs
Artisan & specialty Cheese,Deli
artisan & specialty cheese,Deli
artisan cheese & cured meats,Deli
Cheese Shop,Deli
deli cheese,Deli
deli meat & cheese deal,Deli
Fresh Sliced Cheese,Deli
parmesan & grating,Deli
pre sliced deli meat & cheese,Deli
Sliced Deli Cheese,Deli
sliced deli meats & cheeses,Deli
Specialty Cheese,Deli
Deli Salads,Deli
deli sandwich,Deli
Meat & Cheese Trays,Deli
roast beef and pork,Deli
Antipasti,Deli
P√¢t√© & Caviar,Deli
"pate, caviar & accompaniments",Deli
Bacon & Pancetta,Deli
"bacon, hot dogs & sausage",Deli
Bologna,Deli
bologna & other deli meat,Deli
Charcuterie,Deli
cold cuts,Deli
Deli Beef,Deli
Deli Bologna & Loafs,Deli
Deli Braunschweiger & Liverwurst,Deli
Deli Chicken,Deli
Deli Ham & Pork,Deli
Deli Meat,Deli
deli meat beef,Deli
deli meat ham,Deli
deli meat turkey & chicken,Deli
Deli Meats,Deli
Deli Pepperoni,Deli
Deli Salami,Deli
Deli Turkey,Deli
Ham,Deli
Hand Carved Lunch Meats,Deli
hot dogs,Deli
Hot Dogs and Sausage,Deli
italian deli meat,Deli
Italian Meats,Deli
kosher deli,Deli
Live Sausage,Deli
liver sausage,Deli
Loaf Meat,Deli
Meat Counter,Deli
Packaged Cold Cuts,Deli
Packaged Deli Meat,Deli
packaged meats,Deli
Pepperoni,Deli
Reduced Sodium,Deli
Roast Beef and Prok,Deli
Smoked & Cured Fish,Deli
Turkey and Chicken,Deli
Breakfast Food,Frozen
Frozen Breakfast,Frozen
Frozen Beverages,Frozen
Frozen Juice,Frozen
Frozen Breads,Frozen
Frozen Bread & Dough,Frozen
frozen breads & doughs,Frozen
Frozen Dough,Frozen
Desserts & Toppings,Frozen
freeze pop,Frozen
Frozen Desserts,Frozen
Frozen Desserts & Topping,Frozen
frozen novelties,Frozen
Ice,Frozen
ice cream,Frozen
Ice Cream & Desserts,Frozen
ice cream & desserts,Frozen
Ice Cream & Ice,Frozen
Ice Cream & Novelties,Frozen
Ice Cream & Treats,Frozen
Ice Cream and Frozen Yogurt,Frozen
ice cream cakes,Frozen
ice cream cones & toppings,Frozen
Ice Cream Cones and Toppings,Frozen
Ice Cream Novelties,Frozen
premium ice cream,Frozen
Frozen Fruit,Frozen
Frozen Fruits & Vegetables,Frozen
Frozen Produce,Frozen
Frozen Vegetables,Frozen
Fruit,Frozen
Vegetables,Frozen
Appetizers & Snacks,Frozen
"French Fries, Onion Rings and Potatoes",Frozen
Frozen Appetizers & Sides,Frozen
Frozen Appetizers & Snacks,Frozen
Frozen Meals,Frozen
"Frozen Meals, Entrees & Sides",Frozen
Frozen Pasta,Frozen
Frozen Pizza,Frozen
Frozen Potatoes & Onion Rings,Frozen
frozen sandwiches,Frozen
large frozen pizzas,Frozen
Meals & Entrees,Frozen
meals & entrees,Frozen
Pasta,Frozen
Pasta & Meatballs,Frozen
Pizza,Frozen
Potatoes,Frozen
small frozen pizza,Frozen
Frozen Meat,Frozen
Frozen Meat & Seafood,Frozen
Frozen Seafood,Frozen
Meat,Frozen
Frozen Vegan & Vegetarian,Frozen
Beef,Meat
Chicken,Meat
Meat Alternatives,Meat
Lamb,Meat
Organic Meat,Meat
Packaged Meat,Meat
"Poultry, Veal & Lamb",Meat
meat substitutes,Meat
Meat-Free Options & Alternatives,Meat
Pork,Meat
Pork & Ham,Meat
"pork, veal & lamb",Meat
Packaged Poultry,Meat
Poultry,Meat
Poultry Counter,Meat
Ready to Cook Poultry,Meat
Turkey,Meat
Bacon,Meat
Bacon & Breakfast Meats,Meat
"Ground , Burgers & Sausage",Meat
Ground Beef and Poultry,Meat
"ground, burgers & sausage",Meat
hams,Meat
Heat & Eat,Meat
heat and eat,Meat
Hot Dogs & Sausage,Meat
Hot Dogs & Sausages,Meat
"Hot Dogs, Bacon & Sausage",Meat
"hot dogs, sausage and pepperoni",Meat
Meat Meal Kits,Meat
Meatballs,Meat
Ready to Cook,Meat
ready to cook,Meat
Ready to Cook Meat,Meat
Sauces,Meat
sausage,Meat
Sausages,Meat
Game & Specialty Meats,Meat
Game Meat,Meat
Veal,Meat
Veal & Specialty,Meat
kabobs & cakes,Meat
kosher,Miscellaneous
"organic dairy, eggs & meat",Miscellaneous
kosher foods,Miscellaneous
paleo,Miscellaneous
"dips, hummus & salsa",Pantry
Dips & Spreads,Pantry
"Dips, Hummus & Spreads",Pantry
"dips, olives & tapenades",Pantry
Fresh Dips & Tapenades,Pantry
Olives,Pantry
pickles & sauerkraut,Pantry
Pickles & Sauerkraut,Pantry
"hummus, fresh dips & fresh salsas",Pantry
biscuit dough & pie crust,Pantry
Bread & Dough,Pantry
cookie dough,Pantry
refrigerated dough,Pantry
REFRIGERATED DOUGHS & CRUSTS,Pantry
refrigerated doughs,Pantry
baking,Pantry
baking essentials,Pantry
baking ingredients,Pantry
baking mixes,Pantry
baking needs,Pantry
baking nuts,Pantry
"baking soda, powder & starch",Pantry
baking supplies & decor,Pantry
bulk flours & powders,Pantry
"doughs, gelatins & bake mixes",Pantry
frosting & cake decorations,Pantry
gelatin,Pantry
more baking & cooking supplies,Pantry
our top baking ingredients,Pantry
pancake and baking mixes,Pantry
pudding,Pantry
pudding & gelatin mix,Pantry
yeast,Pantry
breakfast,Pantry
breakfast & cereal,Pantry
breakfast bars,Pantry
breakfast bars & pastries,Pantry
breakfast breads,Pantry
breakfast seasonings,Pantry
cereal,Pantry
cereal & breakfast food,Pantry
energy & granola bars,Pantry
granola,Pantry
hot cereal & pancake mixes,Pantry
instant breakfast drinks,Pantry
kraft breakfast,Pantry
PANCAKE MIXES WAFFLE MIXES & SYRUP,Pantry
pancake & waffle mixes,Pantry
bulk candies & chocolates,Pantry
bulk dried fruits & vegetables,Pantry
bulk nuts & seeds,Pantry
bulk trail mix & snack mix,Pantry
candy,Pantry
candy & chocolate,Pantry
candy and gum,Pantry
"candy, gum & mints",Pantry
chips,Pantry
chips & dip,Pantry
chips & pretzels,Pantry
chips and snacks,Pantry
chocolate,Pantry
"chocolate, candy & gum",Pantry
cookies,Pantry
cookies & bars,Pantry
cookies & cakes,Pantry
cookies & crackers,Pantry
"cookies, cakes & pastry",Pantry
crackers,Pantry
family movie night,Pantry
fruit & nuts,Pantry
fruit & vegetable snacks,Pantry
fruit snacks,Pantry
granola & nutrition bars,Pantry
gum & mints,Pantry
ice cream toppings,Pantry
jerky & meat snacks,Pantry
jerky & rinds,Pantry
marshmallows,Pantry
mint & gum,Pantry
nutrition & snack bars,Pantry
nuts & dried fruit,Pantry
"nuts, seeds & dried fruit",Pantry
organic & natural,Pantry
popcorn,Pantry
popcorn & jerky,Pantry
popcorn & pretzels,Pantry
pretzels & popcorn,Pantry
ready to eat pudding & gelatin,Pantry
snack bars,Pantry
snack cakes,Pantry
snack cakes & desserts,Pantry
snacks,Pantry
snacks & appetizers,Pantry
trail & snack mix,Pantry
trail mix & snack mix,Pantry
canned & dried tomatoes,Pantry
canned & jarred vegetables,Pantry
canned beans,Pantry
canned fish,Pantry
canned fruit,Pantry
canned fruit & applesauce,Pantry
canned fruit & vegetables,Pantry
canned goods,Pantry
canned meals,Pantry
canned meals & beans,Pantry
canned meat,Pantry
canned meat & poultry,Pantry
canned meat & seafood,Pantry
canned milk,Pantry
canned tomatoes,Pantry
canned tuna & seafood,Pantry
canned vegetables,Pantry
pickled goods & olives,Pantry
pickles,Pantry
soups & broths,Pantry
hispanic,Pantry
International Foods,Pantry
Soup & Broth,Pantry
american mexican foods,Pantry
asian,Pantry
asian foods,Pantry
british,Pantry
european,Pantry
french,Pantry
german,Pantry
indian,Pantry
indian foods,Pantry
international speciality,Pantry
italian,Pantry
latin foods,Pantry
latino foods,Pantry
mediterranean,Pantry
more international foods,Pantry
salsa & guacamole,Pantry
specialty / ethnic foods,Pantry
tortillas and salsa,Pantry
"bulk spreads butter, honey, syrup",Pantry
"jams, jelly & fruit spreads",Pantry
nut butters & spreads,Pantry
pb & j,Pantry
preserved dips & spreads,Pantry
spreads,Pantry
boxed dinners,Pantry
instant foods,Pantry
packaged meals & sides,Pantry
pasta & pizza,Pantry
potatoes & stuffing,Pantry
ready to eat meals,Pantry
soup,Pantry
soup & meals,Pantry
"soup, broth & bouillon",Pantry
cooking oil & spray,Pantry
cooking oils & sprays,Pantry
cooking oils & vinegar,Pantry
cooking wine & vinegar,Pantry
oil & vinegar,Pantry
oils & vinegars,Pantry
"dried fruits, raisins & fruit snacks",Pantry
extracts & flavorings,Pantry
flour & meal,Pantry
gluten free,Miscellaneous
kraft favourites,Pantry
organic pantry,Pantry
other bulk,Pantry
pie & pastry filling,Pantry
pie crusts & pastry dough,Pantry
polenta,Pantry
potato mixes,Pantry
sauerkraut,Pantry
shredded coconut,Pantry
tuna and ready to eat meats,Pantry
"bulk grains, rice & dried goods",Pantry
couscous,Pantry
dried beans & peas,Pantry
dry pasta,Pantry
fresh pasta,Pantry
grains & rice,Pantry
"grains, rice & dried goods",Pantry
noodles,Pantry
pasta & noodles,Pantry
pasta & sauce,Pantry
rice & grains,Pantry
"rice, beans & grains",Pantry
"rice, grains & dried beans",Pantry
bulk spices & seasoning,Pantry
condiments,Pantry
condiments & sauces,Pantry
dips,Pantry
dressing & condiments,Pantry
fresh dressings & dips,Pantry
herbs & spices,Pantry
"herbs, spices & seasoning",Pantry
"herbs, spices & seasonings",Pantry
horseradish,Pantry
hummus,Pantry
ketchup and mustard,Pantry
"ketchup, mayo & mustard",Pantry
marinades & meat preparation,Pantry
"nuts, seeds, granola & trail mixes",Pantry
olives & capers,Pantry
pasta & pizza sauce,Pantry
pasta sauces,Pantry
"pickles, peppers & relish",Pantry
salad dressing,Pantry
salad dressing & toppings,Pantry
sauces & marinades,Pantry
"sauces, marinades & gravy",Pantry
spices & seasonings,Pantry
stuffing mix,Pantry
syrup,Pantry
tahini,Pantry
toaster pastries,Pantry
whole & ground seeds,Pantry
bulk sugar & sweeteners,Pantry
honey,Pantry
"honey, syrup & nectar",Pantry
"honeys, syrups & nectars",Pantry
sugar & sweeteners,Pantry
salad dressing & topping,Pantry
salad dressing and dips,Pantry
dried fruit & nuts,Pantry
"dried fruit, nuts & trail mix",Pantry
nuts & seeds,Pantry
fresh appetizers & party trays,Prepared Foods
fresh pasta & sauce,Prepared Foods
"fresh pastas, pizzas & sauces",Prepared Foods
fresh snack packs,Prepared Foods
lunches & snack packs,Prepared Foods
Lunch Solutions,Prepared Foods
lunches & snack pack,Prepared Foods
Party Trays,Prepared Foods
pasta and salad accompaniments,Prepared Foods
Prepared Meals,Prepared Foods
"Prepared Meals ,Sides & More",Prepared Foods
prepared meals & sides,Prepared Foods
"prepared meals, sides & more",Prepared Foods
Prepared Soups & Salads,Prepared Foods
"salads, sandwiches & sushi",Prepared Foods
sandwiches,Prepared Foods
Trays,Prepared Foods
Appetizers,Prepared Foods
appetizers - cold,Prepared Foods
appetizers & sides,Prepared Foods
packaged soup & chili,Prepared Foods
prepared salads,Prepared Foods
salsas & dips,Prepared Foods
sides,Prepared Foods
soup & chili,Prepared Foods
soups,Prepared Foods
veggies & sides,Prepared Foods
easy breakfast,Prepared Foods
sweets & desserts,Prepared Foods
calzones,Prepared Foods
cooked sushi,Prepared Foods
entrees & sides,Prepared Foods
Entrees and Dinners,Prepared Foods
family pack,Prepared Foods
fried chicken tenders & wings,Prepared Foods
frozen entrees,Prepared Foods
homestyle salads & organic grains,Prepared Foods
kids,Prepared Foods
LUNCH MEATS & LUNCH ENTREES,Prepared Foods
make it yourself,Prepared Foods
marinated & kabobs,Prepared Foods
meal kits,Prepared Foods
our top picks for the holidays,Prepared Foods
packaged fresh sandwiches,Prepared Foods
packaged green salads,Prepared Foods
packaged pasta,Prepared Foods
perfect portions meal,Prepared Foods
pizza toppings dough & crust,Prepared Foods
"pizza, wings, calzones & sides",Prepared Foods
pre made pizza,Prepared Foods
quiche & pot pie,Prepared Foods
quiches & pot pies,Prepared Foods
raw sushi,Prepared Foods
rotisserie,Prepared Foods
rotisserie chicken,Prepared Foods
rotisserie chicken & turkey,Prepared Foods
sandwiches & wraps,Prepared Foods
self-serve,Prepared Foods
serves one,Prepared Foods
serves two or more,Prepared Foods
skinny rolls,Prepared Foods
snacks / lunch entrees,Prepared Foods
sushi,Prepared Foods
tastes of asia,Prepared Foods
tastes of mexico,Prepared Foods
veggie sushi,Prepared Foods
wings,Prepared Foods
prepared foods,Prepared Foods
snack packs,Prepared Foods
apples,Produce
bagged apples,Produce
berries & cherries,Produce
berries and strawberries,Produce
citrus,Produce
citrus fruits,Produce
fresh fruit,Produce
fresh fruits,Produce
fruits,Produce
grapes,Produce
melons,Produce
"peaches, plums, nectarines and cherries",Produce
pears,Produce
stone fruit,Produce
tomatoes,Produce
Pre-Cut,Produce
fresh cut and packaged fruit,Produce
fresh cut fruit,Produce
fresh cut fruit & vegetables,Produce
fresh cut vegetables,Produce
fresh prepared produce,Produce
"nuts, dried fruit, & healthy snacks",Pantry
packaged produce & salads,Produce
packaged vegetables,Produce
packaged vegetables & fruits,Produce
salads,Produce
asian produce,Produce
avocados,Produce
bananas,Produce
beans,Produce
"figs, dates, and nuts",Produce
local farm share,Produce
specialty,Produce
specialty produce,Produce
tropical & specialty,Produce
tropical fruits,Produce
artichokes,Produce
asparagus,Produce
asparagus & artichokes,Produce
beans & peas,Produce
broccoli & cauliflower,Produce
broccoli and cauliflower,Produce
brussels sprouts & cabbage,Produce
"cabbage, parsnips, and turnips",Produce
carrots,Produce
carrots and celery,Produce
celery,Produce
corn,Produce
cucumber,Produce
cucumbers,Produce
eggplant,Produce
fresh herbs,Produce
fresh vegetables,Produce
green salads,Produce
herbs,Produce
lettuce,Produce
lettuce and greens,Produce
mushrooms,Produce
onions & garlic,Produce
onions and garlic,Produce
packaged salads & greens,Produce
peppers,Produce
potatoes & yams,Produce
radishes and green onions,Produce
root vegetables,Produce
"spinach, kale & greens",Produce
sprouts,Produce
sprouts & microgreens,Produce
squash,Produce
squash & zucchini,Produce
vegetarian proteins & asian,Produce
fish,Seafood
fish fillets,Seafood
fish steaks,Seafood
fish whole,Seafood
salmon,Seafood
crab,Seafood
crab and lobster,Seafood
lobster,Seafood
mussels & clams,Seafood
oysters,Seafood
scallops,Seafood
shellfish,Seafood
shrimp,Seafood
shrimp & shellfish,Seafood
cooked & steamed,Seafood
"dips, spreads and sauce",Seafood
fresh seafood,Seafood
Packaged Seafood,Seafood
packaged seafood,Seafood
prepared & ready to heat seafood,Seafood
prepped fish,Seafood
ready to cook seafood,Seafood
Ready to Cook Seafood,Seafood
Seafood,Seafood
seafood count,Seafood
Seafood Counter,Seafood
smoked fish,Seafood